{"features": ["ph", "Hardness", "Solids", "Chloramines", "Sulfate", "Conductivity", "Organic_carbon", "Trihalomethanes", "Turbidity"], "target": "Potability", "scaler_mean": [7.086717459081024, 196.52082664027984, 21888.067749063135, 7.116362217117437, 333.9372393522719, 427.9158526624994, 14.272734607893625, 66.15568400267532, 3.9737826576915145], "scaler_var": [2.1591624066352963, 1064.8137428792636, 76710225.8756955, 2.556528401760704, 1312.4133178082031, 6549.398847714274, 10.863136438952099, 249.3880337364855, 0.6087016517639356]}