{
  "features": [
    "Solids",
    "Turbidity",
    "Temperature"
  ],
  "scaler_mean": [
    22014.092526077104,
    3.966786169791058,
    24.930634441704562
  ],
  "scaler_var": [
    76864364.32698937,
    0.6088108070438613,
    33.12281574510129
  ],
  "accuracy": 0.6097561120986938,
  "timestamp": "20251001_201748"
}